{
    "common" :
    {
        "max_player" : 1,
        "custom_resource_id" : [ "cardmaker" ]
    },

    "error" :
    {
        "auto_reset" : true
    },

    "video" :
    {
        "enable" : true,
        "mode" : "clone",
        "monitor" :
        [
            {
                "width" : 1920,
                "height" : 1080,
                "angle" : 270
            }
        ],
        "ignore_unconnected" : false
    },

    "usb_io" :
    {
        "enable" : true,
        "node" :
        [
            {
                "id" : 0,
                "required_function" :
                {
                    "coin_input" :
                    {
                        "enable" : true,
                        "slot" : 1
                    },
                    "switch_input" :
                    {
                        "enable" : true,
                        "player" : 2,
                        "button" : 12
                    }
                }
            }
        ]
    },
 
    "input" :
    {
        "system" :
        [
            { "id" : "test", "type" : "usb_switch", "usb_player" : -1, "index" : 0 },
            { "id" : "service", "type" :"usb_switch", "usb_player" : 0, "index" : 6  }
        ]
    },

    "credit" :
    {
        "max_credit" : 24,
        "config" :
        {
            "coin_chute_type_common" : true,
            "service_type_common" : true,
            "freeplay" : false,
            "coin_chute_multiplier" : [ 1, 1 ],
            "coin_to_credit" : -1,
            "bonus_adder" : 0,
            "game_cost" : [ 1 ]
        },
        "coin_selector_AS6DB" :
        {
            "enable" : false,
            "port" : 3,
            "counted_coin" : [ 100 ]
        }
    },

    "network" :
    {
        "enable" : true,
        "support_standalone" : false,
        "use_gateway" : true,
        "use_location_router" : true,
        "location_router_directly" : "deny",
        "property" :
        {
            "save" : true,
            "dhcp" : true
        }
    },

    "allnet_auth" :
    {
        "enable" : true,
        "support_line" :
        {
            "broadband" : true,
            "mobile" : false,
            "xdsl" : false
        },
        "develop_version" : "1.39"
    },
    
    "allnet_accounting" :
    {
        "enable" : true,
        "mode" : "A"
    },

    "aime" :
    {
        "enable" : true,
        "unit" :
        [
            {
                "port" : 1,
                "id" : 1,
                "required" : true
            }
        ],
        "firmware_path" :
        [
            "aime_firm\\update_15396_6728_94.bin",
            "aime_firm\\837-15286-P_LPC1112_NFC_RW_LED_BD_0x92.bin",
            "aime_firm\\TN32MSEC003S_V12.hex"
        ],
        "high_baudrate" : true
    },

    "abaas_log" :
    {
        "enable" : false,
        "root_path" : "log"
    },

    "emoney" :
    {
        "enable" : false,
        "resource_path" : "tfps-res-pro",
        "aime_unit" : 0,
        "display_port" : 2,
        "log" :
        {
            "level" : 2,
            "root_path" : "emoney_log"
        },
        "ignore_brand" :
        [
            "sapica"
        ]
    }
}
