<?xml version="1.0" encoding="utf-8"?>
<BattleRatingRangeData xmlns:xsd="http://www.w3.org/2001/XMLSchema" xmlns:xsi="http://www.w3.org/2001/XMLSchema-instance">
  <dataName>battleRatingRange001</dataName>
  <name>
    <id>1</id>
    <str>battleRatingRange001</str>
    <data />
  </name>
  <minBattleRating>0</minBattleRating>
  <minMusicLevel>100</minMusicLevel>
  <maxMusicLevel>99900</maxMusicLevel>
  <musicDifDataList>
    <MusicDifData>
      <isSelectableByCPU>true</isSelectableByCPU>
    </MusicDifData>
    <MusicDifData>
      <isSelectableByCPU>true</isSelectableByCPU>
    </MusicDifData>
    <MusicDifData>
      <isSelectableByCPU>false</isSelectableByCPU>
    </MusicDifData>
    <MusicDifData>
      <isSelectableByCPU>false</isSelectableByCPU>
    </MusicDifData>
    <MusicDifData>
      <isSelectableByCPU>false</isSelectableByCPU>
    </MusicDifData>
    <MusicDifData>
      <isSelectableByCPU>false</isSelectableByCPU>
    </MusicDifData>
  </musicDifDataList>
</BattleRatingRangeData>