<?xml version="1.0" encoding="utf-8"?>
<BattleRatingRangeData xmlns:xsd="http://www.w3.org/2001/XMLSchema" xmlns:xsi="http://www.w3.org/2001/XMLSchema-instance">
  <dataName>battleRatingRange009</dataName>
  <name>
    <id>9</id>
    <str>battleRatingRange009</str>
    <data />
  </name>
  <minBattleRating>1450</minBattleRating>
  <minMusicLevel>400</minMusicLevel>
  <maxMusicLevel>99900</maxMusicLevel>
  <musicDifDataList>
    <MusicDifData>
      <isSelectableByCPU>false</isSelectableByCPU>
    </MusicDifData>
    <MusicDifData>
      <isSelectableByCPU>false</isSelectableByCPU>
    </MusicDifData>
    <MusicDifData>
      <isSelectableByCPU>true</isSelectableByCPU>
    </MusicDifData>
    <MusicDifData>
      <isSelectableByCPU>true</isSelectableByCPU>
    </MusicDifData>
    <MusicDifData>
      <isSelectableByCPU>false</isSelectableByCPU>
    </MusicDifData>
    <MusicDifData>
      <isSelectableByCPU>false</isSelectableByCPU>
    </MusicDifData>
  </musicDifDataList>
</BattleRatingRangeData>